original,new
01-Ameland-residence-video-desktop.mp4,ameland-residence-20260730-70de1f-01-ameland-residence-video-desktop.mp4
0122145.jpg,ameland-residence-20260730-75ce31-0122145.jpg
02-Ameland-residence-video-mobile01.mp4,ameland-residence-20260730-3b11a0-02-ameland-residence-video-mobile01.mp4
0C493952-2BBC-4B9A-9C1E-28A73C6DC25C-1-201-a.jpeg,ameland-residence-20260730-a46e64-0c493952-2bbc-4b9a-9c1e-28a73c6dc25c-1-201-a.jpeg
0E1A2966-3F12-49A3-8752-490599FA69D1.jpeg,ameland-residence-20260730-e7e41b-0e1a2966-3f12-49a3-8752-490599fa69d1.jpeg
1-1.jpg,ameland-residence-20260730-6410ed-1-1.jpg
1-2.jpg,ameland-residence-20260730-c39ab0-1-2.jpg
1-3.jpg,ameland-residence-20260730-1f61e8-1-3.jpg
1-4.jpg,ameland-residence-20260730-c18c6c-1-4.jpg
1-5.jpg,ameland-residence-20260730-a2d28d-1-5.jpg
1-6.jpg,ameland-residence-20260730-d8d5fe-1-6.jpg
1.jpg,ameland-residence-20260730-4c468b-1.jpg
1.png,ameland-residence-20260730-9461ee-1.png
18.jpg,ameland-residence-20260730-b76685-18.jpg
1B660DE8-5693-494C-8B50-13BC9C09C4A6-1-201-a.jpeg,ameland-residence-20260730-815519-1b660de8-5693-494c-8b50-13bc9c09c4a6-1-201-a.jpeg
2-1.jpg,ameland-residence-20260730-f2da5d-2-1.jpg
2-2.jpg,ameland-residence-20260730-30b41f-2-2.jpg
2-3.jpg,ameland-residence-20260730-fd228a-2-3.jpg
2.jpg,ameland-residence-20260730-88a5d4-2.jpg
3.jpg,ameland-residence-20260730-da877e-3.jpg
325624F0-9FE7-4592-A12B-7AB60E4D045B.jpeg,ameland-residence-20260730-bb09af-325624f0-9fe7-4592-a12b-7ab60e4d045b.jpeg
5.jpg,ameland-residence-20260730-3fd572-5.jpg
9.jpg,ameland-residence-20260730-b62c91-9.jpg
A07FF72C-FD29-467B-9B03-FC8D563DC32A-1-201-a.jpeg,ameland-residence-20260730-7292ef-a07ff72c-fd29-467b-9b03-fc8d563dc32a-1-201-a.jpeg
Amelandfoto-stern-28-1.jpg,ameland-residence-20260730-1621af-amelandfoto-stern-28-1.jpg
Amelandfoto-zee-32-02.jpg,ameland-residence-20260730-2325d2-amelandfoto-zee-32-02.jpg
B371BF7B-60A1-4E85-8D60-5D84877E30B3.jpeg,ameland-residence-20260730-257706-b371bf7b-60a1-4e85-8d60-5d84877e30b3.jpeg
Banner-Home-01-Villa-03.jpg,ameland-residence-20260730-82e81c-banner-home-01-villa-03.jpg
Bungalow-Ameland-blogpost.jpg,ameland-residence-20260730-71bd5f-bungalow-ameland-blogpost.jpg
Bungalow-Watersnip02.jpg,ameland-residence-20260730-def5e0-bungalow-watersnip02.jpg
Bungalow-Watersnip03.jpg,ameland-residence-20260730-d902ef-bungalow-watersnip03.jpg
Bungalow-Watersnip04.jpg,ameland-residence-20260730-f92bc6-bungalow-watersnip04.jpg
Bungalow-Watersnip05.jpg,ameland-residence-20260730-50a73c-bungalow-watersnip05.jpg
Bungalow-Watersnip06.jpg,ameland-residence-20260730-dd6618-bungalow-watersnip06.jpg
Bungalow-Watersnip07.jpg,ameland-residence-20260730-a0451b-bungalow-watersnip07.jpg
Bungalow-Watersnip08.jpg,ameland-residence-20260730-2ddc37-bungalow-watersnip08.jpg
Bungalow-Watersnip09.jpg,ameland-residence-20260730-bcff0c-bungalow-watersnip09.jpg
Bungalow-Watersnip10.jpg,ameland-residence-20260730-daa80b-bungalow-watersnip10.jpg
Bungalow-Watersnip11.jpg,ameland-residence-20260730-543676-bungalow-watersnip11.jpg
Bungalow-Watersnip17.jpg,ameland-residence-20260730-ccfdf4-bungalow-watersnip17.jpg
Bungalow-Watersnip18.jpg,ameland-residence-20260730-49e512-bungalow-watersnip18.jpg
Bungalow-Watersnip19.jpg,ameland-residence-20260730-894d45-bungalow-watersnip19.jpg
Bungalow-Watersnip20.jpg,ameland-residence-20260730-3a28d2-bungalow-watersnip20.jpg
C1295280-45DC-48D0-9D3F-C671B47DBC57.jpeg,ameland-residence-20260730-71c43a-c1295280-45dc-48d0-9d3f-c671b47dbc57.jpeg
E9E30767-9848-4565-92D9-67AA9C17387E-1-201-a.jpeg,ameland-residence-20260730-2f6674-e9e30767-9848-4565-92d9-67aa9c17387e-1-201-a.jpeg
EEFD6CB5-931E-4D6B-8367-E9EF59153974.jpeg,ameland-residence-20260730-34e3a3-eefd6cb5-931e-4d6b-8367-e9ef59153974.jpeg
F47F37F7-9196-4841-B491-11D0D14DDCE5.jpeg,ameland-residence-20260730-2fdd51-f47f37f7-9196-4841-b491-11d0d14ddce5.jpeg
Genieten-op-terras-Villa-Nova.jpg,ameland-residence-20260730-6c8b2d-genieten-op-terras-villa-nova.jpg
Gezinsvriendelijke-Acommodatie-Ameland.jpg,ameland-residence-20260730-25d417-gezinsvriendelijke-acommodatie-ameland.jpg
Huisje-huren-met-sauna.jpg,ameland-residence-20260730-01d430-huisje-huren-met-sauna.jpg
Lang-weekend-Ameland.jpg,ameland-residence-20260730-48f6a7-lang-weekend-ameland.jpg
Last-minute-Ameland-1.jpg,ameland-residence-20260730-310d7c-last-minute-ameland-1.jpg
Last-minute-Ameland.jpg,ameland-residence-20260730-a11b2f-last-minute-ameland.jpg
Luxe-huisjes.jpg,ameland-residence-20260730-51b143-luxe-huisjes.jpg
Met-familie-op-vakantie.jpg,ameland-residence-20260730-3034dc-met-familie-op-vakantie.jpg
NagtegaalFoto-Villa-Nova-52.jpg,ameland-residence-20260730-406a1f-nagtegaalfoto-villa-nova-52.jpg
NagtegaalFoto-Zee-1-bewerkt.jpg,ameland-residence-20260730-0a02dd-nagtegaalfoto-zee-1-bewerkt.jpg
NagtegaalFoto-Zilt-3-kopie.jpg,ameland-residence-20260730-b3f0c1-nagtegaalfoto-zilt-3-kopie.jpg
Nova-buitenkant-2.jpg,ameland-residence-20260730-e8bdfe-nova-buitenkant-2.jpg
Offline-vakantie.jpg,ameland-residence-20260730-3080a2-offline-vakantie.jpg
Op-de-ferry-stappen.jpg,ameland-residence-20260730-2472f6-op-de-ferry-stappen.jpg
Overzicht-Amelandfoto-zilt-01.jpg,ameland-residence-20260730-2037da-overzicht-amelandfoto-zilt-01.jpg
Overzicht-Villa-Nova-01.jpg,ameland-residence-20260730-6a15cc-overzicht-villa-nova-01.jpg
Overzicht-Villa-Stern-01.jpg,ameland-residence-20260730-8373ad-overzicht-villa-stern-01.jpg
Robbentocht-Ameland.jpg,ameland-residence-20260730-aab7f7-robbentocht-ameland.jpg
Sfeer-Afbeelding-02.jpg,ameland-residence-20260730-bf515d-sfeer-afbeelding-02.jpg
Sfeer-Afbeelding-03.jpg,ameland-residence-20260730-396398-sfeer-afbeelding-03.jpg
Sfeer-Afbeelding-04.jpg,ameland-residence-20260730-792736-sfeer-afbeelding-04.jpg
Sfeer-Afbeelding-05.jpg,ameland-residence-20260730-a0f09d-sfeer-afbeelding-05.jpg
Sfeer-Afbeelding-06.jpg,ameland-residence-20260730-37888c-sfeer-afbeelding-06.jpg
Sfeer-Banner-01.jpg,ameland-residence-20260730-7a5dc7-sfeer-banner-01.jpg
Sfeer-Banner-02.jpg,ameland-residence-20260730-66a5b0-sfeer-banner-02.jpg
Sfeer-Banner-03.jpg,ameland-residence-20260730-99ea5d-sfeer-banner-03.jpg
Sfeer-Banner-04.jpg,ameland-residence-20260730-f6d4d9-sfeer-banner-04.jpg
Sfeer-Banner-05.jpg,ameland-residence-20260730-cfe441-sfeer-banner-05.jpg
Sfeer-Banner-06.jpg,ameland-residence-20260730-471e47-sfeer-banner-06.jpg
Sfeer-Banner-07.jpg,ameland-residence-20260730-6b0389-sfeer-banner-07.jpg
Sfeer-Banner-08.jpg,ameland-residence-20260730-41e687-sfeer-banner-08.jpg
Sfeer-Banner-09.jpg,ameland-residence-20260730-388f16-sfeer-banner-09.jpg
Sfeer-Banner-10.jpg,ameland-residence-20260730-e36271-sfeer-banner-10.jpg
So-geht-nachhaltiger-Urlaub-auf-Ameland.jpg,ameland-residence-20260730-8a4610-so-geht-nachhaltiger-urlaub-auf-ameland.jpg
Strandvakantie-Nederland.jpg,ameland-residence-20260730-d2e1ef-strandvakantie-nederland.jpg
Urlaub-Ameland-mit-Hund.jpg,ameland-residence-20260730-adbc7d-urlaub-ameland-mit-hund.jpg
Urlaub-Ameland.jpg,ameland-residence-20260730-8c3842-urlaub-ameland.jpg
Vakantie-met-kinderen.jpg,ameland-residence-20260730-9084bb-vakantie-met-kinderen.jpg
Vakantiehuis-Ameland.jpg,ameland-residence-20260730-8a813a-vakantiehuis-ameland.jpg
Vakantievilla-Ameland-het-hele-jaar-door.jpg,ameland-residence-20260730-a9e50b-vakantievilla-ameland-het-hele-jaar-door.jpg
Villa-Ameland-01.jpg,ameland-residence-20260730-bc3e22-villa-ameland-01.jpg
Villa-Nova-Ameland-mobile.jpg,ameland-residence-20260730-73e649-villa-nova-ameland-mobile.jpg
Villa-Nova-Ameland.jpg,ameland-residence-20260730-cb0af3-villa-nova-ameland.jpg
Villa-Nova-Tijd-voor-jezelf-zonder-notificaties.jpg,ameland-residence-20260730-08231d-villa-nova-tijd-voor-jezelf-zonder-notificaties.jpg
Villa-Nova-familie-met-oma-gezellig-op-terras-in-de-avond.jpg,ameland-residence-20260730-c31108-villa-nova-familie-met-oma-gezellig-op-terras-in-de-avond.jpg
Villa-Nova01.jpg,ameland-residence-20260730-4c86fc-villa-nova01.jpg
Villa-Nova02.jpg,ameland-residence-20260730-ac306b-villa-nova02.jpg
Villa-Nova03.jpg,ameland-residence-20260730-c918d1-villa-nova03.jpg
Villa-Nova04.jpg,ameland-residence-20260730-3331c1-villa-nova04.jpg
Villa-Nova05.jpg,ameland-residence-20260730-857bfe-villa-nova05.jpg
Villa-Nova06.jpg,ameland-residence-20260730-14bf86-villa-nova06.jpg
Villa-Nova07.jpg,ameland-residence-20260730-5af732-villa-nova07.jpg
Villa-Nova08.jpg,ameland-residence-20260730-ca42ee-villa-nova08.jpg
Villa-Nova09.jpg,ameland-residence-20260730-8e7691-villa-nova09.jpg
Villa-Nova10.jpg,ameland-residence-20260730-55ecd5-villa-nova10.jpg
Villa-Nova11.jpg,ameland-residence-20260730-b8322c-villa-nova11.jpg
Villa-Nova12.jpg,ameland-residence-20260730-59ecd6-villa-nova12.jpg
Villa-Nova13.jpg,ameland-residence-20260730-9ac009-villa-nova13.jpg
Villa-Nova14.jpg,ameland-residence-20260730-838d19-villa-nova14.jpg
Villa-Nova15.jpg,ameland-residence-20260730-e949be-villa-nova15.jpg
Villa-Nova16.jpg,ameland-residence-20260730-1f805c-villa-nova16.jpg
Villa-Nova17.jpg,ameland-residence-20260730-12d7be-villa-nova17.jpg
Villa-Nova18.jpg,ameland-residence-20260730-18738b-villa-nova18.jpg
Villa-Nova19.jpg,ameland-residence-20260730-7c36c9-villa-nova19.jpg
Villa-Nova20.jpg,ameland-residence-20260730-0e4fea-villa-nova20.jpg
Villa-Nova21.jpg,ameland-residence-20260730-65dfbd-villa-nova21.jpg
Villa-Nova22.jpg,ameland-residence-20260730-96bbb6-villa-nova22.jpg
Villa-Nova23.jpg,ameland-residence-20260730-a3f6ee-villa-nova23.jpg
Villa-Nova24.jpg,ameland-residence-20260730-00ea66-villa-nova24.jpg
Villa-Nova25.jpg,ameland-residence-20260730-1fb593-villa-nova25.jpg
Villa-Stern-01.jpg,ameland-residence-20260730-44fdcc-villa-stern-01.jpg
Villa-Stern-02.jpg,ameland-residence-20260730-cc9de2-villa-stern-02.jpg
Villa-Stern-03.jpg,ameland-residence-20260730-44fcf3-villa-stern-03.jpg
Villa-Stern-Ameland-mobile.jpg,ameland-residence-20260730-b7aa38-villa-stern-ameland-mobile.jpg
Villa-Stern-Ameland.jpg,ameland-residence-20260730-77a1c8-villa-stern-ameland.jpg
Villa-Stern01.jpg,ameland-residence-20260730-5fbc7e-villa-stern01.jpg
Villa-Stern02.jpg,ameland-residence-20260730-335c67-villa-stern02.jpg
Villa-Stern03.jpg,ameland-residence-20260730-3feabb-villa-stern03.jpg
Villa-Stern04.jpg,ameland-residence-20260730-17618b-villa-stern04.jpg
Villa-Stern05.jpg,ameland-residence-20260730-adedbf-villa-stern05.jpg
Villa-Stern06.jpg,ameland-residence-20260730-a3d33d-villa-stern06.jpg
Villa-Stern07.jpg,ameland-residence-20260730-957e9f-villa-stern07.jpg
Villa-Stern08.jpg,ameland-residence-20260730-69fe37-villa-stern08.jpg
Villa-Stern09.jpg,ameland-residence-20260730-a7569e-villa-stern09.jpg
Villa-Stern10.jpg,ameland-residence-20260730-82a91e-villa-stern10.jpg
Villa-Stern11.jpg,ameland-residence-20260730-144571-villa-stern11.jpg
Villa-Stern12.jpg,ameland-residence-20260730-8eb00b-villa-stern12.jpg
Villa-Stern13.jpg,ameland-residence-20260730-26bf0f-villa-stern13.jpg
Villa-Stern14.jpg,ameland-residence-20260730-808373-villa-stern14.jpg
Villa-Stern15.jpg,ameland-residence-20260730-d78d33-villa-stern15.jpg
Villa-Stern16.jpg,ameland-residence-20260730-49c189-villa-stern16.jpg
Villa-Stern17.jpg,ameland-residence-20260730-e1e16b-villa-stern17.jpg
Villa-Stern18.jpg,ameland-residence-20260730-d1724a-villa-stern18.jpg
Villa-Stern19.jpg,ameland-residence-20260730-d56fd9-villa-stern19.jpg
Villa-Zee-01.jpg,ameland-residence-20260730-d31d7e-villa-zee-01.jpg
Villa-Zee-02.jpg,ameland-residence-20260730-18c9f1-villa-zee-02.jpg
Villa-Zee-03.jpg,ameland-residence-20260730-5b2685-villa-zee-03.jpg
Villa-Zee-Ameland.jpg,ameland-residence-20260730-c9ddb5-villa-zee-ameland.jpg
Villa-Zee-ameland-mobile.jpg,ameland-residence-20260730-a4a09f-villa-zee-ameland-mobile.jpg
Villa-Zee01.jpg,ameland-residence-20260730-228659-villa-zee01.jpg
Villa-Zee02.jpg,ameland-residence-20260730-96a4e9-villa-zee02.jpg
Villa-Zee03.jpg,ameland-residence-20260730-0e5750-villa-zee03.jpg
Villa-Zee04.jpg,ameland-residence-20260730-f3c252-villa-zee04.jpg
Villa-Zee05.jpg,ameland-residence-20260730-5f6ce3-villa-zee05.jpg
Villa-Zee06.jpg,ameland-residence-20260730-667d37-villa-zee06.jpg
Villa-Zee07.jpg,ameland-residence-20260730-884ae5-villa-zee07.jpg
Villa-Zee08.jpg,ameland-residence-20260730-7f5add-villa-zee08.jpg
Villa-Zee09.jpg,ameland-residence-20260730-0fa2c0-villa-zee09.jpg
Villa-Zee10.jpg,ameland-residence-20260730-6234bb-villa-zee10.jpg
Villa-Zee11.jpg,ameland-residence-20260730-d52242-villa-zee11.jpg
Villa-Zee12.jpg,ameland-residence-20260730-40e89d-villa-zee12.jpg
Villa-Zee13.jpg,ameland-residence-20260730-76fd80-villa-zee13.jpg
Villa-Zee14.jpg,ameland-residence-20260730-02b9cf-villa-zee14.jpg
Villa-Zee15.jpg,ameland-residence-20260730-7d7189-villa-zee15.jpg
Villa-Zee16.jpg,ameland-residence-20260730-b35fb0-villa-zee16.jpg
Villa-Zee17.jpg,ameland-residence-20260730-0e587e-villa-zee17.jpg
Villa-Zee18.jpg,ameland-residence-20260730-b8f1f4-villa-zee18.jpg
Villa-Zee19.jpg,ameland-residence-20260730-dd9fcf-villa-zee19.jpg
Villa-Zee20.jpg,ameland-residence-20260730-c6d2da-villa-zee20.jpg
Villa-Zee21.jpg,ameland-residence-20260730-b259cd-villa-zee21.jpg
Villa-Zee22.jpg,ameland-residence-20260730-b2aafc-villa-zee22.jpg
Villa-Zee23.jpg,ameland-residence-20260730-358941-villa-zee23.jpg
Villa-Zee24.jpg,ameland-residence-20260730-ebfd99-villa-zee24.jpg
Villa-Zee25.jpg,ameland-residence-20260730-2678db-villa-zee25.jpg
Villa-Zee26.jpg,ameland-residence-20260730-49e255-villa-zee26.jpg
Villa-Zee27.jpg,ameland-residence-20260730-cd3356-villa-zee27.jpg
Villa-Zee28.jpg,ameland-residence-20260730-2ef5e5-villa-zee28.jpg
Villa-Zee29.jpg,ameland-residence-20260730-2b5be1-villa-zee29.jpg
Villa-Zilt-01.jpg,ameland-residence-20260730-1f52aa-villa-zilt-01.jpg
Villa-Zilt-02.jpg,ameland-residence-20260730-0ce9e7-villa-zilt-02.jpg
Villa-Zilt-03.jpg,ameland-residence-20260730-a5ad65-villa-zilt-03.jpg
Villa-Zilt-Ameland-mobile.jpg,ameland-residence-20260730-4389a2-villa-zilt-ameland-mobile.jpg
Villa-Zilt-Ameland.jpg,ameland-residence-20260730-19808b-villa-zilt-ameland.jpg
Villa-Zilt01.jpg,ameland-residence-20260730-830496-villa-zilt01.jpg
Villa-Zilt02.jpg,ameland-residence-20260730-ff0011-villa-zilt02.jpg
Villa-Zilt03.jpg,ameland-residence-20260730-ee16df-villa-zilt03.jpg
Villa-Zilt04.jpg,ameland-residence-20260730-f144b4-villa-zilt04.jpg
Villa-Zilt05.jpg,ameland-residence-20260730-c6a43a-villa-zilt05.jpg
Villa-Zilt06.jpg,ameland-residence-20260730-734e54-villa-zilt06.jpg
Villa-Zilt07.jpg,ameland-residence-20260730-c52e3d-villa-zilt07.jpg
Villa-Zilt08.jpg,ameland-residence-20260730-a7f035-villa-zilt08.jpg
Villa-Zilt09.jpg,ameland-residence-20260730-2fa990-villa-zilt09.jpg
Villa-Zilt10.jpg,ameland-residence-20260730-60ce69-villa-zilt10.jpg
Villa-Zilt11.jpg,ameland-residence-20260730-9ec6bf-villa-zilt11.jpg
Villa-Zilt12.jpg,ameland-residence-20260730-c0cd16-villa-zilt12.jpg
Villa-Zilt13.jpg,ameland-residence-20260730-1a15bf-villa-zilt13.jpg
Villa-Zilt14.jpg,ameland-residence-20260730-e6cabd-villa-zilt14.jpg
Villa-Zilt15.jpg,ameland-residence-20260730-dea47e-villa-zilt15.jpg
Villa-Zilt16.jpg,ameland-residence-20260730-c4ae47-villa-zilt16.jpg
Villa-Zilt17.jpg,ameland-residence-20260730-9e5e79-villa-zilt17.jpg
Villa-Zilt18.jpg,ameland-residence-20260730-40fbc2-villa-zilt18.jpg
Villa-Zilt19.jpg,ameland-residence-20260730-51ea72-villa-zilt19.jpg
Villa-Zilt20.jpg,ameland-residence-20260730-5a3f06-villa-zilt20.jpg
Villa-Zilt21.jpg,ameland-residence-20260730-9ceeac-villa-zilt21.jpg
Villa-Zilt22.jpg,ameland-residence-20260730-ba60b4-villa-zilt22.jpg
Villa-Zilt23.jpg,ameland-residence-20260730-4ba57a-villa-zilt23.jpg
Villa-review-pagina.jpg,ameland-residence-20260730-c3445a-villa-review-pagina.jpg
Wadlopen-Ameland.jpg,ameland-residence-20260730-a05c5e-wadlopen-ameland.jpg
Warum-ein-Urlaub-auf-Ameland-perfekt-ist-fur-Ihre-digitale-Auszeit.jpg,ameland-residence-20260730-291575-warum-ein-urlaub-auf-ameland-perfekt-ist-fur-ihre-digitale-auszeit.jpg
Wat-te-doen-op-Ameland-met-regen.jpg,ameland-residence-20260730-b019b9-wat-te-doen-op-ameland-met-regen.jpg
accommodatie-Ameland.jpg,ameland-residence-20260730-1a0482-accommodatie-ameland.jpg
ameland-residence-label.png,ameland-residence-20260730-7cba82-ameland-residence-label.png
ameland-villa-nova-tuin-terras.jpg,ameland-residence-20260730-37c395-ameland-villa-nova-tuin-terras.jpg
bezienswaardigheden-ameland.jpg,ameland-residence-20260730-7fb7f7-bezienswaardigheden-ameland.jpg
bg-effect02.svg,ameland-residence-20260730-d02133-bg-effect02.svg
bg-patroon-donker-transparant01.svg,ameland-residence-20260730-8c0489-bg-patroon-donker-transparant01.svg
cyclist-3202481-1920.jpg,ameland-residence-20260730-491bea-cyclist-3202481-1920.jpg
dorpjes-Ameland.jpg,ameland-residence-20260730-e06342-dorpjes-ameland.jpg
foto-locaties-Ameland.jpg,ameland-residence-20260730-2ac09e-foto-locaties-ameland.jpg
foto-watersnip.png,ameland-residence-20260730-99b368-foto-watersnip.png
header-desktop-Ameland-Residence01.jpg,ameland-residence-20260730-1e11f8-header-desktop-ameland-residence01.jpg
header-desktop-Ameland-Residence02.jpg,ameland-residence-20260730-9b1c2f-header-desktop-ameland-residence02.jpg
header-desktop-Ameland-Residence03.jpg,ameland-residence-20260730-494761-header-desktop-ameland-residence03.jpg
header-desktop-Ameland-Residence04-2.jpg,ameland-residence-20260730-21765c-header-desktop-ameland-residence04-2.jpg
header-home-Ameland-residence-desktop01.jpg,ameland-residence-20260730-b206f2-header-home-ameland-residence-desktop01.jpg
header-home-Ameland-residence-desktop02.jpg,ameland-residence-20260730-ca4fa3-header-home-ameland-residence-desktop02.jpg
header-home-Ameland-residence-desktop03.jpg,ameland-residence-20260730-217e4c-header-home-ameland-residence-desktop03.jpg
header-home-Ameland-residence-mobile01.jpg,ameland-residence-20260730-33ae46-header-home-ameland-residence-mobile01.jpg
header-home-Ameland-residence-mobile02.jpg,ameland-residence-20260730-30841b-header-home-ameland-residence-mobile02.jpg
header-home-Ameland-residence-mobile03.jpg,ameland-residence-20260730-a88d66-header-home-ameland-residence-mobile03.jpg
header-mobile-Ameland-Residence01.jpg,ameland-residence-20260730-60c15b-header-mobile-ameland-residence01.jpg
header-mobile-Ameland-Residence02.jpg,ameland-residence-20260730-5e3119-header-mobile-ameland-residence02.jpg
header-mobile-Ameland-Residence03.jpg,ameland-residence-20260730-091690-header-mobile-ameland-residence03.jpg
header-mobile-Ameland-Residence04-2.jpg,ameland-residence-20260730-6d2a21-header-mobile-ameland-residence04-2.jpg
het-weer-op-ameland.jpg,ameland-residence-20260730-6d7e37-het-weer-op-ameland.jpg
logo-ameland-residence-donker01.svg,ameland-residence-20260730-3c8850-logo-ameland-residence-donker01.svg
luxe-villa-aan-zee.jpg,ameland-residence-20260730-d5ba6b-luxe-villa-aan-zee.jpg
musea-ameland-1.jpg,ameland-residence-20260730-0a89af-musea-ameland-1.jpg
natuurhuisje-Ameland.jpg,ameland-residence-20260730-9bb44b-natuurhuisje-ameland.jpg
over-ameland01.jpg,ameland-residence-20260730-a4b3fd-over-ameland01.jpg
social-icoon-facebook03.svg,ameland-residence-20260730-abff58-social-icoon-facebook03.svg
terras.jpg,ameland-residence-20260730-ebd29e-terras.jpg
usp-icoon-bruin-met-zwart02.svg,ameland-residence-20260730-9165f8-usp-icoon-bruin-met-zwart02.svg
usp-icoon-duingebied01.svg,ameland-residence-20260730-57f6df-usp-icoon-duingebied01.svg
usp-icoon-loopafstand-strand01.svg,ameland-residence-20260730-f7dbad-usp-icoon-loopafstand-strand01.svg
usp-icoon-pure-luxe01.svg,ameland-residence-20260730-866369-usp-icoon-pure-luxe01.svg
verblijf-ameland.jpg,ameland-residence-20260730-808ffa-verblijf-ameland.jpg
villa-met-sauna-ameland.jpg,ameland-residence-20260730-0c4b9f-villa-met-sauna-ameland.jpg
villa-nova-ameland-ligging-duinen-strand.jpg,ameland-residence-20260730-a59834-villa-nova-ameland-ligging-duinen-strand.jpg
villa-nova-ameland-wellness-sauna-solarium.jpg,ameland-residence-20260730-f695d7-villa-nova-ameland-wellness-sauna-solarium.jpg
wandelen-ameland.jpg,ameland-residence-20260730-84f752-wandelen-ameland.jpg
